Workbook

Sheet Calibration coeff overview
A1: Serial number | B1: Location | C1: Period | D1: Antifreeze % | E1: Density of antifreeze mixture at room temperature (kg/m3) | F1: Density for antifreeze mixture around 0 C (kg/m3) | G1: GEUS coefficient at room temperature (m/mV) | H1: GEUS coefficient around 0 C (m/mV) | I1: Density of water at room temperature (kg/m3) | J1: Ø&J coefficient at room temperature (m/mV) | K1: Multiplication factor | L1: Ø&J coefficient around 0 C when using antifreeze (m/mV) | M1: GEUS/Ø&J | N1: Difference (%)
A2: 591 | B2: KPC_U | C2: 2008 - | D2: 100 | E2: 1130 | F2: =E2+15 -> 1145 | G2: ='GEUS calibrations'!AA2 -> 1.0768514 | H2: =G2*E2/F2 -> 1.0627442 | I2: 998 | J2: ='Ørum&Jensen calibrations'!J2 -> 0.4425163 | K2: 2.5 | L2: =J2*I2/F2*K2 -> 0.96426041 | M2: =H2/L2 -> 1.102134 | N2: =100*(H2-L2)/L2 -> 10.213397
A3: 592 | B3: NUK_U | C3: 2007 - 2010 | D3: 100 | E3: 1130 | F3: =E3+15 -> 1145 | G3: ='GEUS calibrations'!AA3 -> #VALUE! | H3: =G3*E3/F3 -> #VALUE! | I3: 998 | J3: ='Ørum&Jensen calibrations'!J3 -> 0.42527235 | K3: 2.5 | L3: =J3*I3/F3*K3 -> 0.92668517 | M3: =H3/L3 -> #VALUE! | N3: =100*(H3-L3)/L3 -> #VALUE!
A4: 593 | B4: TAS_L | C4: 2007 - | D4: 100 | E4: 1130 | F4: =E4+15 -> 1145 | G4: ='GEUS calibrations'!AA4 -> #VALUE! | H4: =G4*E4/F4 -> #VALUE! | I4: 998 | J4: ='Ørum&Jensen calibrations'!J4 -> 0.4304131 | K4: 2.5 | L4: =J4*I4/F4*K4 -> 0.93788705 | M4: =H4/L4 -> #VALUE! | N4: =100*(H4-L4)/L4 -> #VALUE!
A5: 594 | B5: QAS_L | C5: 2007 - 2009 | D5: 100 | E5: 1130 | F5: =E5+15 -> 1145 | G5: ='GEUS calibrations'!AA5 -> #VALUE! | H5: =G5*E5/F5 -> #VALUE! | I5: 998 | J5: ='Ørum&Jensen calibrations'!J5 -> 0.43687648 | K5: 2.5 | L5: =J5*I5/F5*K5 -> 0.95197103 | M5: =H5/L5 -> #VALUE! | N5: =100*(H5-L5)/L5 -> #VALUE!
A6: 595 | B6: KAN_L | C6: 2008 - | D6: 100 | E6: 1130 | F6: =E6+15 -> 1145 | G6: ='GEUS calibrations'!AA6 -> 1.131999 | H6: =G6*E6/F6 -> 1.1171693 | I6: 998 | J6: ='Ørum&Jensen calibrations'!J6 -> 0.43873831 | K6: 2.5 | L6: =J6*I6/F6*K6 -> 0.95602802 | M6: =H6/L6 -> 1.1685529 | N6: =100*(H6-L6)/L6 -> 16.855292
A7: 596 | B7: TAS_U | C7: 2007 - | D7: 100 | E7: 1130 | F7: =E7+15 -> 1145 | G7: ='GEUS calibrations'!AA7 -> #VALUE! | H7: =G7*E7/F7 -> #VALUE! | I7: 998 | J7: ='Ørum&Jensen calibrations'!J7 -> 0.43093049 | K7: 2.5 | L7: =J7*I7/F7*K7 -> 0.93901448 | M7: =H7/L7 -> #VALUE! | N7: =100*(H7-L7)/L7 -> #VALUE!
A8: 597 | B8: NUK_L | C8: 2007 - 2010 | D8: 100 | E8: 1130 | F8: =E8+15 -> 1145 | G8: ='GEUS calibrations'!AA8 -> #VALUE! | H8: =G8*E8/F8 -> #VALUE! | I8: 998 | J8: ='Ørum&Jensen calibrations'!J8 -> 0.43162413 | K8: 2.5 | L8: =J8*I8/F8*K8 -> 0.94052594 | M8: =H8/L8 -> #VALUE! | N8: =100*(H8-L8)/L8 -> #VALUE!
A9: 598 | B9: ZAK_M | C9: 2008 - | D9: 100 | E9: 1130 | F9: =E9+15 -> 1145 | G9: ='GEUS calibrations'!AA9 -> #VALUE! | H9: =G9*E9/F9 -> #VALUE! | I9: 998 | J9: ='Ørum&Jensen calibrations'!J9 -> 0.43437945 | K9: 2.5 | L9: =J9*I9/F9*K9 -> 0.94652989 | M9: =H9/L9 -> #VALUE! | N9: =100*(H9-L9)/L9 -> #VALUE!
A10: 5104 | B10: SCO_U? | C10: 2008 - | D10: 100 | E10: 1130 | F10: =E10+15 -> 1145 | G10: ='GEUS calibrations'!AA10 -> #VALUE! | H10: =G10*E10/F10 -> #VALUE! | I10: 998 | J10: ='Ørum&Jensen calibrations'!J10 -> 0.43893195 | K10: 2.5 | L10: =J10*I10/F10*K10 -> 0.95644998 | M10: =H10/L10 -> #VALUE! | N10: =100*(H10-L10)/L10 -> #VALUE!
A11: 5105 | B11: MAL | C11: 2008 - 2008 | D11: 100 | E11: 1130 | F11: =E11+15 -> 1145 | G11: ='GEUS calibrations'!AA11 -> #VALUE! | H11: =G11*E11/F11 -> #VALUE! | I11: 998 | J11: ='Ørum&Jensen calibrations'!J11 -> 0.43724301 | K11: 2.5 | L11: =J11*I11/F11*K11 -> 0.9527697 | M11: =H11/L11 -> #VALUE! | N11: =100*(H11-L11)/L11 -> #VALUE!
A12: 5112 | B12: KPC_L | C12: 2008 - | D12: 100 | E12: 1130 | F12: =E12+15 -> 1145 | G12: ='GEUS calibrations'!AA12 -> 1.1159917 | H12: =G12*E12/F12 -> 1.1013717 | I12: 998 | J12: ='Ørum&Jensen calibrations'!J12 -> 0.442037 | K12: 2.5 | L12: =J12*I12/F12*K12 -> 0.963216 | M12: =H12/L12 -> 1.1434317 | N12: =100*(H12-L12)/L12 -> 14.343167
A13: 5113 | B13: QAS_U | C13: 2008 - | D13: 100 | E13: 1130 | F13: =E13+15 -> 1145 | G13: ='GEUS calibrations'!AA13 -> 1.1116194 | H13: =G13*E13/F13 -> 1.0970567 | I13: 998 | J13: ='Ørum&Jensen calibrations'!J13 -> 0.44341866 | K13: 2.5 | L13: =J13*I13/F13*K13 -> 0.96622668 | M13: =H13/L13 -> 1.135403 | N13: =100*(H13-L13)/L13 -> 13.540299
... A21: 5138 | B21: MIT | C21: 2009 - | D21: 50 | E21: 1077 | F21: =E21+15 -> 1092 | G21: ='GEUS calibrations'!AA21 -> 1.1236937 | H21: =G21*E21/F21 -> 1.1082584 | I21: 998 | J21: ='Ørum&Jensen calibrations'!J21 -> 0.43952078 | K21: 2.5 | L21: =J21*I21/F21*K21 -> 1.0042164 | M21: =H21/L21 -> 1.1036051 | N21: =100*(H21-L21)/L21 -> 10.360511
A22: 5154 | B22: NUK_U? | C22: 2010 - | D22: 50 | E22: 1077 | F22: =E22+15 -> 1092 | G22: ='GEUS calibrations'!AA22 -> #VALUE! | H22: =G22*E22/F22 -> #VALUE! | I22: 998 | J22: ='Ørum&Jensen calibrations'!J22 -> 0.43230581 | K22: 2.5 | L22: =J22*I22/F22*K22 -> 0.98773168
A23: 5155 | D23: 50 | E23: 1077 | F23: =E23+15 -> 1092 | G23: ='GEUS calibrations'!AA23 -> #VALUE! | H23: =G23*E23/F23 -> #VALUE! | I23: 998 | J23: ='Ørum&Jensen calibrations'!J23 -> 0.4358049 | K23: 2.5 | L23: =J23*I23/F23*K23 -> 0.9957264
A24: 5156 | B24: NUK_L? | C24: 2010 - | D24: 50 | E24: 1077 | F24: =E24+15 -> 1092 | G24: ='GEUS calibrations'!AA24 -> #VALUE! | H24: =G24*E24/F24 -> #VALUE! | I24: 998 | J24: ='Ørum&Jensen calibrations'!J24 -> 0.42932014 | K24: 2.5 | L24: =J24*I24/F24*K24 -> 0.98091003
A25: 5157 | D25: 50 | E25: 1077 | F25: =E25+15 -> 1092 | G25: ='GEUS calibrations'!AA25 -> #VALUE! | H25: =G25*E25/F25 -> #VALUE! | I25: 998 | J25: ='Ørum&Jensen calibrations'!J25 -> 0.39617806 | K25: 2.5 | L25: =J25*I25/F25*K25 -> 0.90518705
A26: 5158 | B26: THU_U | C26: 2010 - | D26: 50 | E26: 1078 | F26: =E26+15 -> 1093 | G26: ='GEUS calibrations'!AA26 -> #VALUE! | H26: =G26*E26/F26 -> #VALUE! | I26: 998 | J26: ='Ørum&Jensen calibrations'!J26 -> 0.4398963 | K26: 2.5 | L26: =J26*I26/F26*K26 -> 1.0041549
A27: 5157 | B27: ? | C27: 2011- | D27: 50 | E27: 1077 | F27: =E27+15 -> 1092 | G27: ='GEUS calibrations'!AA27 -> 1.1743239 | H27: =G27*E27/F27 -> 1.158193 | I27: 998 | J27: ='Ørum&Jensen calibrations'!J3 -> 0.42527235 | K27: 2.5 | L27: =J27*I27/F27*K27 -> 0.97166165 | M27: =H27/L27 -> 1.1919715 | N27: =100*(H27-L27)/L27 -> 19.197154

Sheet GEUS calibrations
A1: Serial number | B1: Date | C1: Temperature (C) | D1: Air pressure (hPa) | E1: Height (m) | P1: Voltage (mV) | AA1: Slope | AB1: Standard error | AC1: R^2
A2: 591 output (mV) | B2: 9 June 2008 | C2: 20 | D2: 1018 | E2: 1.1 | F2: 3.22 | G2: 6.42 | H2: 8.8 | I2: 11.14 | J2: 13.15 | K2: 15.2 | P2: 1.13 | Q2: 3.07 | R2: 6.02 | S2: 8.21 | T2: 10.47 | U2: 12.31 | V2: 14.19 | AA2: =INDEX(LINEST($E2:$K2,$P2:$V2,,TRUE()),1) -> 1.0768514 | AB2: =INDEX(LINEST($E2:$K2,$P2:$V2,,TRUE()),2) -> 0.0030003277 | AC2: =INDEX(LINEST($E2:$K2,$P2:$V2,,TRUE()),3) -> 0.99996119
A3: 592 output (mV) | AA3: =INDEX(LINEST($E3:$O3,$P3:$Z3,,TRUE()),1) -> #VALUE! | AB3: =INDEX(LINEST($E3:$O3,$P3:$Z3,,TRUE()),2) -> #VALUE! | AC3: =INDEX(LINEST($E3:$O3,$P3:$Z3,,TRUE()),3) -> #VALUE!
A4: 593 output (mV) | AA4: =INDEX(LINEST($E4:$O4,$P4:$Z4,,TRUE()),1) -> #VALUE! | AB4: =INDEX(LINEST($E4:$O4,$P4:$Z4,,TRUE()),2) -> #VALUE! | AC4: =INDEX(LINEST($E4:$O4,$P4:$Z4,,TRUE()),3) -> #VALUE!
A5: 594 output (mV) | AA5: =INDEX(LINEST($E5:$O5,$P5:$Z5,,TRUE()),1) -> #VALUE! | AB5: =INDEX(LINEST($E5:$O5,$P5:$Z5,,TRUE()),2) -> #VALUE! | AC5: =INDEX(LINEST($E5:$O5,$P5:$Z5,,TRUE()),3) -> #VALUE!
A6: 595 output (mV) | B6: 19 Aug 2008 | C6: 23 | D6: 1003 | E6: 0.58 | F6: 5.2 | G6: 10.07 | H6: 15.06 | I6: 18.6 | P6: 0.47 | Q6: 4.68 | R6: 8.85 | S6: 13.29 | T6: 16.44 | AA6: =INDEX(LINEST($E6:$I6,$P6:$T6,,TRUE()),1) -> 1.131999 | AB6: =INDEX(LINEST($E6:$I6,$P6:$T6,,TRUE()),2) -> 0.0054842685 | AC6: =INDEX(LINEST($E6:$I6,$P6:$T6,,TRUE()),3) -> 0.99992959
A7: 596 output (mV) | AA7: =INDEX(LINEST($E7:$O7,$P7:$Z7,,TRUE()),1) -> #VALUE! | AB7: =INDEX(LINEST($E7:$O7,$P7:$Z7,,TRUE()),2) -> #VALUE! | AC7: =INDEX(LINEST($E7:$O7,$P7:$Z7,,TRUE()),3) -> #VALUE!
A8: 597 output (mV) | AA8: =INDEX(LINEST($E8:$O8,$P8:$Z8,,TRUE()),1) -> #VALUE! | AB8: =INDEX(LINEST($E8:$O8,$P8:$Z8,,TRUE()),2) -> #VALUE! | AC8: =INDEX(LINEST($E8:$O8,$P8:$Z8,,TRUE()),3) -> #VALUE!
A9: 598 output (mV) | AA9: =INDEX(LINEST($E9:$O9,$P9:$Z9,,TRUE()),1) -> #VALUE! | AB9: =INDEX(LINEST($E9:$O9,$P9:$Z9,,TRUE()),2) -> #VALUE! | AC9: =INDEX(LINEST($E9:$O9,$P9:$Z9,,TRUE()),3) -> #VALUE!
A10: 5104 output (mV) | AA10: =INDEX(LINEST($E10:$O10,$P10:$Z10,,TRUE()),1) -> #VALUE! | AB10: =INDEX(LINEST($E10:$O10,$P10:$Z10,,TRUE()),2) -> #VALUE! | AC10: =INDEX(LINEST($E10:$O10,$P10:$Z10,,TRUE()),3) -> #VALUE!
A11: 5105 output (mV) | AA11: =INDEX(LINEST($E11:$O11,$P11:$Z11,,TRUE()),1) -> #VALUE! | AB11: =INDEX(LINEST($E11:$O11,$P11:$Z11,,TRUE()),2) -> #VALUE! | AC11: =INDEX(LINEST($E11:$O11,$P11:$Z11,,TRUE()),3) -> #VALUE!
A12: 5112 output (mV) | B12: 2008 | C12: ? | D12: 1011 | E12: 5 | F12: 10 | G12: 15 | H12: 19 | P12: 4.24 | Q12: 8.67 | R12: 13.12 | S12: 16.8 | AA12: =INDEX(LINEST($E12:$H12,$P12:$S12,,TRUE()),1) -> 1.1159917 | AB12: =INDEX(LINEST($E12:$H12,$P12:$S12,,TRUE()),2) -> 0.0064320186 | AC12: =INDEX(LINEST($E12:$H12,$P12:$S12,,TRUE()),3) -> 0.99993357
A13: 5113 output (mV) | B13: 11 Jul 2008 | C13: ? | D13: 1002 | E13: 3.73 | F13: 7.16 | G13: 10.41 | H13: 14.54 | I13: 19.16 | P13: 3.59 | Q13: 6.69 | R13: 9.59 | S13: 13.33 | T13: 17.47 | AA13: =INDEX(LINEST($E13:$I13,$P13:$T13,,TRUE()),1) -> 1.1116194 | AB13: =INDEX(LINEST($E13:$H13,$P13:$S13,,TRUE()),2) -> 0.0021600208 | AC13: =INDEX(LINEST($E13:$H13,$P13:$S13,,TRUE()),3) -> 0.99999244
A14: 5114 output (mV) | B14: 2008 | C14: ? | D14: 1011 | E14: 5 | F14: 10 | G14: 15 | H14: 19 | P14: 4.56 | Q14: 9.03 | R14: 13.51 | S14: 17.09 | AA14: =INDEX(LINEST($E14:$H14,$P14:$S14,,TRUE()),1) -> 1.1171914 | AB14: =INDEX(LINEST($E14:$H14,$P14:$S14,,TRUE()),2) -> 0.0003518956 | AC14: =INDEX(LINEST($E14:$H14,$P14:$S14,,TRUE()),3) -> 0.9999998
A15: 5115 output (mV) | AA15: =INDEX(LINEST($E15:$O15,$P15:$Z15,,TRUE()),1) -> #VALUE! | AB15: =INDEX(LINEST($E15:$O15,$P15:$Z15,,TRUE()),2) -> #VALUE! | AC15: =INDEX(LINEST($E15:$O15,$P15:$Z15,,TRUE()),3) -> #VALUE!
A16: 5116 output (mV) | B16: 28 Jul 2009 | C16: ? | D16: 1015 | E16: 1 | F16: 3 | G16: 6 | H16: 9.18 | I16: 10.6 | J16: 13.2 | K16: 17 | L16: 19.25 | P16: 1.12 | Q16: 2.8 | R16: 5.28 | S16: 8.01 | T16: 9.21 | U16: 11.42 | V16: 14.67 | W16: 16.59 | AA16: =INDEX(LINEST($E16:$L16,$P16:$W16,,TRUE()),1) -> 1.1788016 | AB16: =INDEX(LINEST($E16:$L16,$P16:$W16,,TRUE()),2) -> 0.0023895951 | AC16: =INDEX(LINEST($E16:$L16,$P16:$W16,,TRUE()),3) -> 0.99997534
A17: 5117 output (mV) | AA17: =INDEX(LINEST($E17:$N17,$P17:$Z17,,TRUE()),1) -> #VALUE! | AB17: =INDEX(LINEST($E17:$N17,$P17:$Z17,,TRUE()),2) -> #VALUE! | AC17: =INDEX(LINEST($E17:$N17,$P17:$Z17,,TRUE()),3) -> #VALUE!
A18: 5135 output (mV) | B18: 8 Apr 2009 | C18: ? | D18: ? | E18: 1 | F18: 3 | G18: 5 | H18: 7 | I18: 10 | J18: 13 | K18: 15 | L18: 17 | P18: 1.61 | Q18: 3.32 | R18: 5.07 | S18: 6.77 | T18: 9.32 | U18: 11.81 | V18: 13.56 | W18: 15.26 | AA18: =INDEX(LINEST($E18:$L18,$P18:$W18,,TRUE()),1) -> 1.1742435 | AB18: =INDEX(LINEST($E18:$L18,$P18:$W18,,TRUE()),2) -> 0.0025313661 | AC18: =INDEX(LINEST($E18:$L18,$P18:$W18,,TRUE()),3) -> 0.99997212
A19: 5136 output (mV) | AA19: =INDEX(LINEST($E19:$N19,$P19:$Z19,,TRUE()),1) -> #VALUE! | AB19: =INDEX(LINEST($E19:$N19,$P19:$Z19,,TRUE()),2) -> #VALUE! | AC19: =INDEX(LINEST($E19:$N19,$P19:$Z19,,TRUE()),3) -> #VALUE!
A20: 5137 output (mV) | B20: 8 Apr 2009 | C20: ? | D20: ? | E20: 1 | F20: 3 | G20: 5 | H20: 7 | I20: 10 | J20: 13 | K20: 15 | L20: 17 | P20: 1.62 | Q20: 3.25 | R20: 5.03 | S20: 6.69 | T20: 9.2 | U20: 11.72 | V20: 13.42 | W20: 15.11 | AA20: =INDEX(LINEST($E20:$L20,$P20:$W20,,TRUE()),1) -> 1.1856745 | AB20: =INDEX(LINEST($E20:$L20,$P20:$W20,,TRUE()),2) -> 0.0026099037 | AC20: =INDEX(LINEST($E20:$L20,$P20:$W20,,TRUE()),3) -> 0.99997093
A21: 5138 output (mV) | B21: 8 Apr 2009 | C21: ? | D21: ? | E21: 1 | F21: 3 | G21: 5 | H21: 7 | I21: 10 | J21: 13 | K21: 15 | L21: 17 | P21: 1.85 | Q21: 3.64 | R21: 5.41 | S21: 7.2 | T21: 9.84 | U21: 12.51 | V21: 14.31 | W21: 16.11 | AA21: =INDEX(LINEST($E21:$L21,$P21:$W21,,TRUE()),1) -> 1.1236937 | AB21: =INDEX(LINEST($E21:$L21,$P21:$W21,,TRUE()),2) -> 0.0012524657 | AC21: =INDEX(LINEST($E21:$L21,$P21:$W21,,TRUE()),3) -> 0.99999255
A22: 5154 output (mV) | AA22: =INDEX(LINEST($E22:$O22,$P22:$Z22,,TRUE()),1) -> #VALUE! | AB22: =INDEX(LINEST($E22:$O22,$P22:$Z22,,TRUE()),2) -> #VALUE! | AC22: =INDEX(LINEST($E22:$O22,$P22:$Z22,,TRUE()),3) -> #VALUE!
A23: 5155 output (mV) | AA23: =INDEX(LINEST($E23:$O23,$P23:$Z23,,TRUE()),1) -> #VALUE! | AB23: =INDEX(LINEST($E23:$O23,$P23:$Z23,,TRUE()),2) -> #VALUE! | AC23: =INDEX(LINEST($E23:$O23,$P23:$Z23,,TRUE()),3) -> #VALUE!
A24: 5156 output (mV) | AA24: =INDEX(LINEST($E24:$O24,$P24:$Z24,,TRUE()),1) -> #VALUE! | AB24: =INDEX(LINEST($E24:$O24,$P24:$Z24,,TRUE()),2) -> #VALUE! | AC24: =INDEX(LINEST($E24:$O24,$P24:$Z24,,TRUE()),3) -> #VALUE!
A25: 5157 output (mV) | AA25: =INDEX(LINEST($E25:$O25,$P25:$Z25,,TRUE()),1) -> #VALUE! | AB25: =INDEX(LINEST($E25:$O25,$P25:$Z25,,TRUE()),2) -> #VALUE! | AC25: =INDEX(LINEST($E25:$O25,$P25:$Z25,,TRUE()),3) -> #VALUE!
A26: 5158 output (mV) | AA26: =INDEX(LINEST($E26:$O26,$P26:$Z26,,TRUE()),1) -> #VALUE! | AB26: =INDEX(LINEST($E26:$O26,$P26:$Z26,,TRUE()),2) -> #VALUE! | AC26: =INDEX(LINEST($E26:$O26,$P26:$Z26,,TRUE()),3) -> #VALUE!
A27: 592 output (mV) | B27: 20/3 2011 | E27: 0 | F27: 1 | G27: 3 | H27: 5 | I27: 7 | J27: 9 | K27: 11 | L27: 13 | M27: 15 | N27: 17 | O27: 18.7 | P27: 0 | Q27: 0.6 | R27: 2.35 | S27: 4.05 | T27: 5.73 | U27: 7.52 | V27: 9.2 | W27: 10.88 | X27: 12.6 | Y27: 14.33 | Z27: 15.78 | AA27: =INDEX(LINEST($E27:$O27,$P27:$Z27,,TRUE()),1) -> 1.1743239 | AB27: =INDEX(LINEST($E27:$O27,$P27:$Z27,,TRUE()),2) -> 0.0047445509 | AC27: =INDEX(LINEST($E27:$O27,$P27:$Z27,,TRUE()),3) -> 0.99985311

Sheet Ørum&Jensen calibrations
A1: Serial number | B1: Temperature (C) | C1: Air pressure (hPa) | D1: 0 | E1: 10 | F1: 20 | G1: 30 | H1: 40 | I1: 50 | J1: Slope | K1: Standard error | L1: R^2 | M1: Located where in 2020 | N1: Located where in 2021 | O1: Located where in 2022 | P1: Located where in 2023 | Q1: Located where in 2024 | R1: Located where 2025 | S1: Located where 2026 | T1: Comment
A2: 5002 output (mV) | B2: 29 | C2: 1012 | D2: 1.12 | E2: 23.78 | F2: 46.43 | G2: 69.03 | H2: 91.59 | I2: 114.1 | J2: =INDEX(LINEST($D$1:$I$1,$D2:$I2,,TRUE()),1) -> 0.4425163 | K2: =INDEX(LINEST($D$1:$I$1,$D2:$I2,,TRUE()),2) -> 0.00028550368 | L2: =INDEX(LINEST($D$1:$I$1,$D2:$I2,,TRUE()),3) -> 0.99999833 | N2: QAS_L | O2: QAS_L
A3: 5004 output (mV) | B3: 29 | C3: 1012 | D3: 0.75 | E3: 24.35 | F3: 47.92 | G3: 71.44 | H3: 94.91 | I3: 118.31 | J3: =INDEX(LINEST($D$1:$I$1,$D3:$I3,,TRUE()),1) -> 0.42527235 | K3: =INDEX(LINEST($D$1:$I$1,$D3:$I3,,TRUE()),2) -> 0.00033181158 | L3: =INDEX(LINEST($D$1:$I$1,$D3:$I3,,TRUE()),3) -> 0.99999756
A4: 5005 output (mV) | B4: 29 | C4: 1012 | D4: 0.44 | E4: 23.77 | F4: 47.06 | G4: 70.3 | H4: 93.48 | I4: 116.6 | J4: =INDEX(LINEST($D$1:$I$1,$D4:$I4,,TRUE()),1) -> 0.4304131 | K4: =INDEX(LINEST($D$1:$I$1,$D4:$I4,,TRUE()),2) -> 0.00036063867 | L4: =INDEX(LINEST($D$1:$I$1,$D4:$I4,,TRUE()),3) -> 0.99999719
A5: 5006 output (mV) | B5: 22.7 | C5: 1005.9 | D5: 0.54 | E5: 23.51 | F5: 46.45 | G5: 69.35 | H5: 92.19 | I5: 114.98 | J5: =INDEX(LINEST($D$1:$I$1,$D5:$I5,,TRUE()),1) -> 0.43687648 | K5: =INDEX(LINEST($D$1:$I$1,$D5:$I5,,TRUE()),2) -> 0.0003248805 | L5: =INDEX(LINEST($D$1:$I$1,$D5:$I5,,TRUE()),3) -> 0.99999779 | M5: KPC_U | N5: KPC_U | O5: KPC_U
A6: 5007 output (mV) | B6: 22.7 | C6: 1005.9 | D6: 0.45 | E6: 23.34 | F6: 46.18 | G6: 68.98 | H6: 91.72 | I6: 114.41 | J6: =INDEX(LINEST($D$1:$I$1,$D6:$I6,,TRUE()),1) -> 0.43873831 | K6: =INDEX(LINEST($D$1:$I$1,$D6:$I6,,TRUE()),2) -> 0.00035169844 | L6: =INDEX(LINEST($D$1:$I$1,$D6:$I6,,TRUE()),3) -> 0.99999743
A7: 5011 output (mV) | B7: 22 | C7: 1039.5 | D7: 0.645 | E7: 23.935 | F7: 47.196 | G7: 70.407 | H7: 93.566 | I7: 116.663 | J7: =INDEX(LINEST($D$1:$I$1,$D7:$I7,,TRUE()),1) -> 0.43093049 | K7: =INDEX(LINEST($D$1:$I$1,$D7:$I7,,TRUE()),2) -> 0.0003337589 | L7: =INDEX(LINEST($D$1:$I$1,$D7:$I7,,TRUE()),3) -> 0.9999976 | P7: QAS_L
A8: 5012 output (mV) | B8: 22 | C8: 1039.5 | D8: 0.806 | E8: 24.078 | F8: 47.309 | G8: 70.483 | H8: 93.596 | I8: 116.638 | J8: =INDEX(LINEST($D$1:$I$1,$D8:$I8,,TRUE()),1) -> 0.43162413 | K8: =INDEX(LINEST($D$1:$I$1,$D8:$I8,,TRUE()),2) -> 0.00039500385 | L8: =INDEX(LINEST($D$1:$I$1,$D8:$I8,,TRUE()),3) -> 0.99999665 | Q8: KAN_Lv3
A9: 5013 output (mV) | B9: 22 | C9: 1039.5 | D9: 1.128 | E9: 24.246 | F9: 47.321 | G9: 70.346 | H9: 93.316 | I9: 116.23 | J9: =INDEX(LINEST($D$1:$I$1,$D9:$I9,,TRUE()),1) -> 0.43437945 | K9: =INDEX(LINEST($D$1:$I$1,$D9:$I9,,TRUE()),2) -> 0.00035459899 | L9: =INDEX(LINEST($D$1:$I$1,$D9:$I9,,TRUE()),3) -> 0.99999733
A10: 5014 output (mV) | B10: 22 | C10: 1003.5 | D10: -1.655 | E10: 21.23 | F10: 44.06 | G10: 66.842 | H10: 89.582 | I10: 112.255 | J10: =INDEX(LINEST($D$1:$I$1,$D10:$I10,,TRUE()),1) -> 0.43893195 | K10: =INDEX(LINEST($D$1:$I$1,$D10:$I10,,TRUE()),2) -> 0.00035714662 | L10: =INDEX(LINEST($D$1:$I$1,$D10:$I10,,TRUE()),3) -> 0.99999735
A11: 5015 output (mV) | B11: 22 | C11: 1003.8 | D11: -1.332 | E11: 21.605 | F11: 44.493 | G11: 67.362 | H11: 90.359 | I11: 112.935 | J11: =INDEX(LINEST($D$1:$I$1,$D11:$I11,,TRUE()),1) -> 0.43724301 | K11: =INDEX(LINEST($D$1:$I$1,$D11:$I11,,TRUE()),2) -> 0.00050112145 | L11: =INDEX(LINEST($D$1:$I$1,$D11:$I11,,TRUE()),3) -> 0.99999475
A12: 5016 output (mV) | B12: 22 | C12: 1003.5 | D12: -1.346 | E12: 21.363 | F12: 44.035 | G12: 66.665 | H12: 89.242 | I12: 111.758 | J12: =INDEX(LINEST($D$1:$I$1,$D12:$I12,,TRUE()),1) -> 0.442037 | K12: =INDEX(LINEST($D$1:$I$1,$D12:$I12,,TRUE()),2) -> 0.00034376821 | L12: =INDEX(LINEST($D$1:$I$1,$D12:$I12,,TRUE()),3) -> 0.99999758
A13: 5018 output (mV) | B13: 25 | C13: 1002.7 | D13: -0.085 | E13: 22.556 | F13: 45.155 | G13: 67.711 | H13: 90.214 | I13: 112.673 | J13: =INDEX(LINEST($D$1:$I$1,$D13:$I13,,TRUE()),1) -> 0.44341866 | K13: =INDEX(LINEST($D$1:$I$1,$D13:$I13,,TRUE()),2) -> 0.00033192814 | L13: =INDEX(LINEST($D$1:$I$1,$D13:$I13,,TRUE()),3) -> 0.99999776
A14: 5019 output (mV) | B14: 25 | C14: 1002.7 | D14: -0.008 | E14: 22.645 | F14: 45.262 | G14: 67.835 | H14: 90.362 | I14: 112.831 | J14: =INDEX(LINEST($D$1:$I$1,$D14:$I14,,TRUE()),1) -> 0.44308243 | K14: =INDEX(LINEST($D$1:$I$1,$D14:$I14,,TRUE()),2) -> 0.00032835194 | L14: =INDEX(LINEST($D$1:$I$1,$D14:$I14,,TRUE()),3) -> 0.9999978 | M14: MIT
A15: 5020 output (mV) | B15: 24 | C15: 1025.5 | D15: 0.206 | E15: 24.355 | F15: 48.464 | G15: 72.514 | H15: 96.498 | I15: 120.415 | J15: =INDEX(LINEST($D$1:$I$1,$D15:$I15,,TRUE()),1) -> 0.41591073 | K15: =INDEX(LINEST($D$1:$I$1,$D15:$I15,,TRUE()),2) -> 0.00037531109 | L15: =INDEX(LINEST($D$1:$I$1,$D15:$I15,,TRUE()),3) -> 0.99999674
A16: 5021 output (mV) | B16: 24 | C16: 1022.1 | D16: 0.329 | E16: 22.652 | F16: 44.95 | G16: 67.215 | H16: 89.435 | I16: 111.608 | J16: =INDEX(LINEST($D$1:$I$1,$D16:$I16,,TRUE()),1) -> 0.44928807 | K16: =INDEX(LINEST($D$1:$I$1,$D16:$I16,,TRUE()),2) -> 0.00028081882 | L16: =INDEX(LINEST($D$1:$I$1,$D16:$I16,,TRUE()),3) -> 0.99999844
A17: 5022 output (mV) | B17: 24 | C17: 1022.1 | D17: 0.015 | E17: 22.613 | F17: 45.178 | G17: 67.704 | H17: 90.185 | I17: 112.615 | J17: =INDEX(LINEST($D$1:$I$1,$D17:$I17,,TRUE()),1) -> 0.44402525 | K17: =INDEX(LINEST($D$1:$I$1,$D17:$I17,,TRUE()),2) -> 0.00030296173 | L17: =INDEX(LINEST($D$1:$I$1,$D17:$I17,,TRUE()),3) -> 0.99999814
A18: 5023 output (mV) | B18: 24 | C18: 1022.1 | D18: -0.056 | E18: 22.682 | F18: 45.382 | G18: 68.038 | H18: 90.641 | I18: 113.186 | J18: =INDEX(LINEST($D$1:$I$1,$D18:$I18,,TRUE()),1) -> 0.44150393 | K18: =INDEX(LINEST($D$1:$I$1,$D18:$I18,,TRUE()),2) -> 0.00034464551 | L18: =INDEX(LINEST($D$1:$I$1,$D18:$I18,,TRUE()),3) -> 0.99999756
A19: 5025 output (mV) | B19: 31.5 | C19: 1023.5 | D19: 0.58 | E19: 23.23 | F19: 45.86 | G19: 68.49 | H19: 90.05 | I19: 113.51 | J19: =INDEX(LINEST($D$1:$I$1,$D19:$I19,,TRUE()),1) -> 0.44427683 | K19: =INDEX(LINEST($D$1:$I$1,$D19:$I19,,TRUE()),2) -> 0.0018914614 | L19: =INDEX(LINEST($D$1:$I$1,$D19:$I19,,TRUE()),3) -> 0.9999275 | M19: THU_U | N19: THU_U
A20: 5026 output (mV) | B20: 31.5 | C20: 1023.5 | D20: 0.02 | E20: 22.94 | F20: 45.82 | G20: 68.69 | H20: 91.54 | I20: 114.21 | J20: =INDEX(LINEST($D$1:$I$1,$D20:$I20,,TRUE()),1) -> 0.43770663 | K20: =INDEX(LINEST($D$1:$I$1,$D20:$I20,,TRUE()),2) -> 0.00037376716 | L20: =INDEX(LINEST($D$1:$I$1,$D20:$I20,,TRUE()),3) -> 0.99999708
A21: 5027 output (mV) | B21: 27.6 | C21: 1008.6 | D21: 0.08 | E21: 22.89 | F21: 45.68 | G21: 68.48 | H21: 91.18 | I21: 113.81 | J21: =INDEX(LINEST($D$1:$I$1,$D21:$I21,,TRUE()),1) -> 0.43952078 | K21: =INDEX(LINEST($D$1:$I$1,$D21:$I21,,TRUE()),2) -> 0.0003352325 | L21: =INDEX(LINEST($D$1:$I$1,$D21:$I21,,TRUE()),3) -> 0.99999767 | M21: THU_L
A22: 5028 output (mV) | B22: 24.9 | C22: 999.9 | D22: -0.19 | E22: 23 | F22: 46.18 | G22: 69.34 | H22: 92.45 | I22: 115.43 | J22: =INDEX(LINEST($D$1:$I$1,$D22:$I22,,TRUE()),1) -> 0.43230581 | K22: =INDEX(LINEST($D$1:$I$1,$D22:$I22,,TRUE()),2) -> 0.00034519835 | L22: =INDEX(LINEST($D$1:$I$1,$D22:$I22,,TRUE()),3) -> 0.99999745 | N22: MIT | O22: MIT
A23: 5029 output (mV) | B23: 24.9 | C23: 999.9 | D23: -0.2 | E23: 22.81 | F23: 45.79 | G23: 68.76 | H23: 91.69 | I23: 114.5 | J23: =INDEX(LINEST($D$1:$I$1,$D23:$I23,,TRUE()),1) -> 0.4358049 | K23: =INDEX(LINEST($D$1:$I$1,$D23:$I23,,TRUE()),2) -> 0.00031389185 | L23: =INDEX(LINEST($D$1:$I$1,$D23:$I23,,TRUE()),3) -> 0.99999792 | M23: QAS_L | P23: KAN_Lv3
A24: 5030 output (mV) | B24: 24.9 | C24: 998.8 | D24: -0.18 | E24: 23.18 | F24: 46.52 | G24: 69.84 | H24: 93.12 | I24: 116.24 | J24: =INDEX(LINEST($D$1:$I$1,$D24:$I24,,TRUE()),1) -> 0.42932014 | K24: =INDEX(LINEST($D$1:$I$1,$D24:$I24,,TRUE()),2) -> 0.00037148046 | L24: =INDEX(LINEST($D$1:$I$1,$D24:$I24,,TRUE()),3) -> 0.99999701
A25: 5031 output (mV) | B25: 25.3 | C25: 1013.5 | D25: -0.33 | E25: 24.95 | F25: 50.22 | G25: 75.5 | H25: 100.72 | I25: 125.84 | J25: =INDEX(LINEST($D$1:$I$1,$D25:$I25,,TRUE()),1) -> 0.39617806 | K25: =INDEX(LINEST($D$1:$I$1,$D25:$I25,,TRUE()),2) -> 0.00022598167 | L25: =INDEX(LINEST($D$1:$I$1,$D25:$I25,,TRUE()),3) -> 0.9999987
A26: 5032 output (mV) | B26: 25.3 | C26: 1013.5 | D26: 0.06 | E26: 22.87 | F26: 45.65 | G26: 68.4 | H26: 91.1 | I26: 113.7 | J26: =INDEX(LINEST($D$1:$I$1,$D26:$I26,,TRUE()),1) -> 0.4398963 | K26: =INDEX(LINEST($D$1:$I$1,$D26:$I26,,TRUE()),2) -> 0.00035355742 | L26: =INDEX(LINEST($D$1:$I$1,$D26:$I26,,TRUE()),3) -> 0.99999742
A27: 5034 output (mV) | B27: 26.4 | C27: 1016.9 | D27: 0.2 | E27: 25.91 | F27: 51.65 | G27: 77.35 | H27: 103.02 | I27: 128.54 | J27: =INDEX(LINEST($D$1:$I$1,$D27:$I27,,TRUE()),1) -> 0.38943767 | K27: =INDEX(LINEST($D$1:$I$1,$D27:$I27,,TRUE()),2) -> 0.00027178526 | L27: =INDEX(LINEST($D$1:$I$1,$D27:$I27,,TRUE()),3) -> 0.99999805
A28: 5082 output (mV) | B28: 24.3 | C28: 1006.7 | D28: 0.31 | E28: 24.53 | F28: 48.71 | G28: 72.89 | H28: 97.03 | I28: 121.04 | J28: =INDEX(LINEST($D$1:$I$1,$D28:$I28,,TRUE()),1) -> 0.41403868 | K28: =INDEX(LINEST($D$1:$I$1,$D28:$I28,,TRUE()),2) -> 0.00028861928 | L28: =INDEX(LINEST($D$1:$I$1,$D28:$I28,,TRUE()),3) -> 0.99999806
A29: 5083 output (mV) | B29: 2403 | C29: 1006.7 | D29: -0.26 | E29: 23.64 | F29: 47.54 | G29: 71.46 | H29: 95.37 | I29: 119.06 | J29: =INDEX(LINEST($D$1:$I$1,$D29:$I29,,TRUE()),1) -> 0.41880464 | K29: =INDEX(LINEST($D$1:$I$1,$D29:$I29,,TRUE()),2) -> 0.000310718 | L29: =INDEX(LINEST($D$1:$I$1,$D29:$I29,,TRUE()),3) -> 0.9999978
A30: 5084 output (mV) | B30: 24.3 | C30: 1006.7 | D30: -0.24 | E30: 24.17 | F30: 48.56 | G30: 72.94 | H30: 97.25 | I30: 121.46 | J30: =INDEX(LINEST($D$1:$I$1,$D30:$I30,,TRUE()),1) -> 0.41073937 | K30: =INDEX(LINEST($D$1:$I$1,$D30:$I30,,TRUE()),2) -> 0.00030386418 | L30: =INDEX(LINEST($D$1:$I$1,$D30:$I30,,TRUE()),3) -> 0.99999781
A31: 5085 output (mV) | B31: 24.3 | C31: 1006.9 | D31: -0.39 | E31: 35.82 | F31: 71.86 | G31: 107.71 | H31: 143.2 | I31: 178.26 | J31: =INDEX(LINEST($D$1:$I$1,$D31:$I31,,TRUE()),1) -> 0.27971287 | K31: =INDEX(LINEST($D$1:$I$1,$D31:$I31,,TRUE()),2) -> 0.0008211142 | L31: =INDEX(LINEST($D$1:$I$1,$D31:$I31,,TRUE()),3) -> 0.99996553
A32: 5086 output (mV) | B32: 24.3 | C32: 1006.9 | D32: 0.03 | E32: 25.4 | F32: 50.84 | G32: 76.23 | H32: 101.54 | I32: 126.8 | J32: =INDEX(LINEST($D$1:$I$1,$D32:$I32,,TRUE()),1) -> 0.39429451 | K32: =INDEX(LINEST($D$1:$I$1,$D32:$I32,,TRUE()),2) -> 0.00024286295 | L32: =INDEX(LINEST($D$1:$I$1,$D32:$I32,,TRUE()),3) -> 0.99999848
A33: 5087 output (mV) | B33: 24.3 | C33: 1006.9 | D33: 0.01 | E33: 24.98 | F33: 49.98 | G33: 74.99 | H33: 100.01 | I33: 124.87 | J33: =INDEX(LINEST($D$1:$I$1,$D33:$I33,,TRUE()),1) -> 0.40027416 | K33: =INDEX(LINEST($D$1:$I$1,$D33:$I33,,TRUE()),2) -> 0.00017749047 | L33: =INDEX(LINEST($D$1:$I$1,$D33:$I33,,TRUE()),3) -> 0.99999921 | N33: TAS_L | O33: TAS_L | Q33: QAS_Lv3 | T33: Not working
A34: 5104 output (mV) | B34: 22.3 | C34: 1007 | D34: -0.21 | E34: 19.03 | F34: 38.37 | G34: 57.74 | H34: 77.09 | I34: 96.4 | J34: =INDEX(LINEST($D$1:$I$1,$D34:$I34,,TRUE()),1) -> 0.51729188 | K34: =INDEX(LINEST($D$1:$I$1,$D34:$I34,,TRUE()),2) -> 0.0002459653 | L34: =INDEX(LINEST($D$1:$I$1,$D34:$I34,,TRUE()),3) -> 0.9999991
A35: 5105 output (mV) | B35: 22.3 | C35: 1007 | D35: -0.2 | E35: 19.27 | F35: 38.88 | G35: 58.49 | H35: 78.08 | I35: 97.59 | J35: =INDEX(LINEST($D$1:$I$1,$D35:$I35,,TRUE()),1) -> 0.51095576 | K35: =INDEX(LINEST($D$1:$I$1,$D35:$I35,,TRUE()),2) -> 0.00027870308 | L35: =INDEX(LINEST($D$1:$I$1,$D35:$I35,,TRUE()),3) -> 0.99999881
A36: 5112 output (mV) | B36: 23.1 | C36: 992 | D36: -0.099 | E36: 19.704 | F36: 39.546 | G36: 59.377 | H36: 79.159 | I36: 98.838 | J36: =INDEX(LINEST($D$1:$I$1,$D36:$I36,,TRUE()),1) -> 0.50513632 | K36: =INDEX(LINEST($D$1:$I$1,$D36:$I36,,TRUE()),2) -> 0.00034207276 | L36: =INDEX(LINEST($D$1:$I$1,$D36:$I36,,TRUE()),3) -> 0.99999817
A37: 5113 output (mV) | B37: 23.1 | C37: 992 | D37: -0.046 | E37: 19.958 | F37: 40.051 | G37: 60.183 | H37: 80.31 | I37: 100.37 | J37: =INDEX(LINEST($D$1:$I$1,$D37:$I37,,TRUE()),1) -> 0.49767609 | K37: =INDEX(LINEST($D$1:$I$1,$D37:$I37,,TRUE()),2) -> 0.00024210663 | L37: =INDEX(LINEST($D$1:$I$1,$D37:$I37,,TRUE()),3) -> 0.99999905
A38: 5114 output (mV) | B38: 23.1 | C38: 992 | D38: -0.262 | E38: 19.332 | F38: 38.988 | G38: 58.655 | H38: 78.282 | I38: 97.828 | J38: =INDEX(LINEST($D$1:$I$1,$D38:$I38,,TRUE()),1) -> 0.50948547 | K38: =INDEX(LINEST($D$1:$I$1,$D38:$I38,,TRUE()),2) -> 0.00023420283 | L38: =INDEX(LINEST($D$1:$I$1,$D38:$I38,,TRUE()),3) -> 0.99999915
A39: 5115 output (mV) | B39: 26.1 | C39: 1022 | D39: 0.594 | E39: 18.732 | F39: 36.945 | G39: 55.195 | H39: 73.455 | I39: 91.682 | J39: =INDEX(LINEST($D$1:$I$1,$D39:$I39,,TRUE()),1) -> 0.54870996 | K39: =INDEX(LINEST($D$1:$I$1,$D39:$I39,,TRUE()),2) -> 0.00029927844 | L39: =INDEX(LINEST($D$1:$I$1,$D39:$I39,,TRUE()),3) -> 0.99999881
A40: 5116 output (mV) | B40: 26.1 | C40: 1022 | D40: 0.465 | E40: 20.296 | F40: 40.218 | G40: 60.192 | H40: 80.155 | I40: 100.052 | J40: =INDEX(LINEST($D$1:$I$1,$D40:$I40,,TRUE()),1) -> 0.5018016 | K40: =INDEX(LINEST($D$1:$I$1,$D40:$I40,,TRUE()),2) -> 0.00027234926 | L40: =INDEX(LINEST($D$1:$I$1,$D40:$I40,,TRUE()),3) -> 0.99999882 | P40: UPE_U
A41: 5117 output (mV) | B41: 26.1 | C41: 1022 | D41: 0.588 | E41: 20.885 | F41: 41.261 | G41: 61.663 | H41: 82.034 | I41: 102.319 | J41: =INDEX(LINEST($D$1:$I$1,$D41:$I41,,TRUE()),1) -> 0.49122493 | K41: =INDEX(LINEST($D$1:$I$1,$D41:$I41,,TRUE()),2) -> 0.00021558956 | L41: =INDEX(LINEST($D$1:$I$1,$D41:$I41,,TRUE()),3) -> 0.99999923
A42: 5135 output (mV) | B42: 23.5 | C42: 1008 | D42: 0.135 | E42: 19.837 | F42: 39.606 | G42: 59.398 | H42: 79.165 | I42: 98.858 | J42: =INDEX(LINEST($D$1:$I$1,$D42:$I42,,TRUE()),1) -> 0.50622556 | K42: =INDEX(LINEST($D$1:$I$1,$D42:$I42,,TRUE()),2) -> 0.00019465545 | L42: =INDEX(LINEST($D$1:$I$1,$D42:$I42,,TRUE()),3) -> 0.99999941
A43: 5136 output (mV) | B43: 23.5 | C43: 1008 | D43: 0.189 | E43: 19.869 | F43: 39.614 | G43: 59.376 | H43: 79.108 | I43: 98.76 | J43: =INDEX(LINEST($D$1:$I$1,$D43:$I43,,TRUE()),1) -> 0.50700062 | K43: =INDEX(LINEST($D$1:$I$1,$D43:$I43,,TRUE()),2) -> 0.00020849996 | L43: =INDEX(LINEST($D$1:$I$1,$D43:$I43,,TRUE()),3) -> 0.99999932
A44: 5137 output (mV) | B44: 23.5 | C44: 1008 | D44: 0.296 | E44: 19.898 | F44: 39.553 | G44: 59.215 | H44: 78.835 | I44: 98.37 | J44: =INDEX(LINEST($D$1:$I$1,$D44:$I44,,TRUE()),1) -> 0.50957738 | K44: =INDEX(LINEST($D$1:$I$1,$D44:$I44,,TRUE()),2) -> 0.00025173401 | L44: =INDEX(LINEST($D$1:$I$1,$D44:$I44,,TRUE()),3) -> 0.99999902
A45: 5138 output (mV) | B45: 23.5 | C45: 1008 | D45: 0.287 | E45: 21.12 | F45: 41.89 | G45: 62.591 | H45: 83.225 | I45: 103.757 | J45: =INDEX(LINEST($D$1:$I$1,$D45:$I45,,TRUE()),1) -> 0.48317792 | K45: =INDEX(LINEST($D$1:$I$1,$D45:$I45,,TRUE()),2) -> 0.00062531022 | L45: =INDEX(LINEST($D$1:$I$1,$D45:$I45,,TRUE()),3) -> 0.9999933
A46: 5154 output (mV) | B46: 22.2 | C46: 1023.5 | D46: 0.766 | E46: 22.185 | F46: 43.535 | G46: 64.801 | H46: 85.985 | I46: 107.09 | J46: =INDEX(LINEST($D$1:$I$1,$D46:$I46,,TRUE()),1) -> 0.47024581 | K46: =INDEX(LINEST($D$1:$I$1,$D46:$I46,,TRUE()),2) -> 0.00064436646 | L46: =INDEX(LINEST($D$1:$I$1,$D46:$I46,,TRUE()),3) -> 0.99999249
A47: 5155 output (mV) | B47: 22.2 | C47: 1023.5 | D47: 0.612 | E47: 22.205 | F47: 43.716 | G47: 65.142 | H47: 86.449 | I47: 107.736 | J47: =INDEX(LINEST($D$1:$I$1,$D47:$I47,,TRUE()),1) -> 0.46680099 | K47: =INDEX(LINEST($D$1:$I$1,$D47:$I47,,TRUE()),2) -> 0.00067030933 | L47: =INDEX(LINEST($D$1:$I$1,$D47:$I47,,TRUE()),3) -> 0.99999175 | M47: QAS_L
A48: 5156 output (mV) | B48: 22.2 | C48: 1023.5 | D48: -0.041 | E48: 14.526 | F48: 29.109 | G48: 43.693 | H48: 58.262 | I48: 72.82 | J48: =INDEX(LINEST($D$1:$I$1,$D48:$I48,,TRUE()),1) -> 0.68614395 | K48: =INDEX(LINEST($D$1:$I$1,$D48:$I48,,TRUE()),2) -> 0.00010099487 | L48: =INDEX(LINEST($D$1:$I$1,$D48:$I48,,TRUE()),3) -> 0.99999991
A49: 5157 output (mV) | B49: 22.2 | C49: 1023.5 | D49: 0.668 | E49: 22.118 | F49: 43.488 | G49: 64.778 | H49: 85.978 | I49: 107.095 | J49: =INDEX(LINEST($D$1:$I$1,$D49:$I49,,TRUE()),1) -> 0.46979163 | K49: =INDEX(LINEST($D$1:$I$1,$D49:$I49,,TRUE()),2) -> 0.00067502681 | L49: =INDEX(LINEST($D$1:$I$1,$D49:$I49,,TRUE()),3) -> 0.99999174
A50: 5158 output (mV) | B50: 22.2 | C50: 1023.5 | D50: 0.619 | E50: 21.747 | F50: 42.793 | G50: 63.775 | H50: 84.674 | I50: 105.503 | J50: =INDEX(LINEST($D$1:$I$1,$D50:$I50,,TRUE()),1) -> 0.47671718 | K50: =INDEX(LINEST($D$1:$I$1,$D50:$I50,,TRUE()),2) -> 0.00061745954 | L50: =INDEX(LINEST($D$1:$I$1,$D50:$I50,,TRUE()),3) -> 0.99999329
A51: 591 output (mV) | B51: 24.3 | C51: 1021 | D51: 0 | E51: 20.23 | F51: 40.52 | G51: 60.83 | H51: 81.07 | I51: 101.22 | J51: =INDEX(LINEST($D$1:$I$1,$D51:$I51,,TRUE()),1) -> 0.49370108 | K51: =INDEX(LINEST($D$1:$I$1,$D51:$I51,,TRUE()),2) -> 0.0002933172 | L51: =INDEX(LINEST($D$1:$I$1,$D51:$I51,,TRUE()),3) -> 0.99999859
A52: 592 output (mV) | B52: 24.3 | C52: 1020 | D52: -0.07 | E52: 19.44 | F52: 39.04 | G52: 58.67 | H52: 78.28 | I52: 97.83 | J52: =INDEX(LINEST($D$1:$I$1,$D52:$I52,,TRUE()),1) -> 0.51046413 | K52: =INDEX(LINEST($D$1:$I$1,$D52:$I52,,TRUE()),2) -> 0.00022458639 | L52: =INDEX(LINEST($D$1:$I$1,$D52:$I52,,TRUE()),3) -> 0.99999923
A53: 593 output (mV) | B53: 24.3 | C53: 1020 | D53: 0.12 | E53: 19.57 | F53: 39.07 | G53: 58.6 | H53: 78.08 | I53: 97.49 | J53: =INDEX(LINEST($D$1:$I$1,$D53:$I53,,TRUE()),1) -> 0.51326383 | K53: =INDEX(LINEST($D$1:$I$1,$D53:$I53,,TRUE()),2) -> 0.00022064517 | L53: =INDEX(LINEST($D$1:$I$1,$D53:$I53,,TRUE()),3) -> 0.99999926
A54: 594 output (mV) | B54: 24.3 | C54: 1020 | D54: -0.03 | E54: 19.18 | F54: 38.43 | G54: 57.68 | H54: 76.89 | I54: 96.02 | J54: =INDEX(LINEST($D$1:$I$1,$D54:$I54,,TRUE()),1) -> 0.52034498 | K54: =INDEX(LINEST($D$1:$I$1,$D54:$I54,,TRUE()),2) -> 0.00026317484 | L54: =INDEX(LINEST($D$1:$I$1,$D54:$I54,,TRUE()),3) -> 0.99999898
A55: 595 output (mV) | B55: 24.3 | C55: 1021 | D55: 0.03 | E55: 19.43 | F55: 38.91 | G55: 58.44 | H55: 77.95 | I55: 97.42 | J55: =INDEX(LINEST($D$1:$I$1,$D55:$I55,,TRUE()),1) -> 0.5131659 | K55: =INDEX(LINEST($D$1:$I$1,$D55:$I55,,TRUE()),2) -> 0.0002500334 | L55: =INDEX(LINEST($D$1:$I$1,$D55:$I55,,TRUE()),3) -> 0.99999905
A56: 596 output (mV) | B56: 24.3 | C56: 1020 | D56: 0 | E56: 19.43 | F56: 38.94 | G56: 58.49 | H56: 78.04 | I56: 97.53 | J56: =INDEX(LINEST($D$1:$I$1,$D56:$I56,,TRUE()),1) -> 0.51242211 | K56: =INDEX(LINEST($D$1:$I$1,$D56:$I56,,TRUE()),2) -> 0.00024851772 | L56: =INDEX(LINEST($D$1:$I$1,$D56:$I56,,TRUE()),3) -> 0.99999906
A57: 597 output (mV) | B57: 24.3 | C57: 1021 | D57: 0.06 | E57: 19.68 | F57: 39.41 | G57: 59.19 | H57: 78.98 | I57: 98.72 | J57: =INDEX(LINEST($D$1:$I$1,$D57:$I57,,TRUE()),1) -> 0.50652599 | K57: =INDEX(LINEST($D$1:$I$1,$D57:$I57,,TRUE()),2) -> 0.00035110172 | L57: =INDEX(LINEST($D$1:$I$1,$D57:$I57,,TRUE()),3) -> 0.99999808
A58: 598 output (mV) | B58: 24.3 | C58: 1021 | D58: 0.13 | E58: 19.79 | F58: 39.52 | G58: 59.3 | H58: 79.06 | I58: 98.76 | J58: =INDEX(LINEST($D$1:$I$1,$D58:$I58,,TRUE()),1) -> 0.50670256 | K58: =INDEX(LINEST($D$1:$I$1,$D58:$I58,,TRUE()),2) -> 0.00022482694 | L58: =INDEX(LINEST($D$1:$I$1,$D58:$I58,,TRUE()),3) -> 0.99999921
A59: 50111 output (mV) | B59: 25 | C59: 982.4 | D59: -0.38 | E59: 24.68 | F59: 49.75 | G59: 74.78 | H59: 99.75 | I59: 124.6 | J59: =INDEX(LINEST($D$1:$I$1,$D59:$I59,,TRUE()),1) -> 0.39993499 | K59: =INDEX(LINEST($D$1:$I$1,$D59:$I59,,TRUE()),2) -> 0.00031905789 | L59: =INDEX(LINEST($D$1:$I$1,$D59:$I59,,TRUE()),3) -> 0.99999745 | M59: KPC_L | N59: KPC_L | O59: KPC_L
A60: 50112 output (mV) | B60: 25 | C60: 982.1 | D60: -0.28 | E60: 24.45 | F60: 49.07 | G60: 73.64 | H60: 98.16 | I60: 122.55 | J60: =INDEX(LINEST($D$1:$I$1,$D60:$I60,,TRUE()),1) -> 0.40704569 | K60: =INDEX(LINEST($D$1:$I$1,$D60:$I60,,TRUE()),2) -> 0.00045701286 | L60: =INDEX(LINEST($D$1:$I$1,$D60:$I60,,TRUE()),3) -> 0.99999496 | M60: TAS_A | N60: TAS_A | O60: TAS_A
A61: 50113 output (mV) | B61: 25 | C61: 982.4 | D61: -0.84 | E61: 22.93 | F61: 46.69 | G61: 70.46 | H61: 94.18 | I61: 117.76 | J61: =INDEX(LINEST($D$1:$I$1,$D61:$I61,,TRUE()),1) -> 0.42142191 | K61: =INDEX(LINEST($D$1:$I$1,$D61:$I61,,TRUE()),2) -> 0.00029210788 | L61: =INDEX(LINEST($D$1:$I$1,$D61:$I61,,TRUE()),3) -> 0.99999808 | M61: THU_U2 | N61: THU_U2 | O61: THU_U2 | P61: THU_U2 | Q61: THU_U2 | R61: THU_U2
A62: 50114 output (mV) | B62: 25 | C62: 981.7 | D62: -0.61 | E62: 25.09 | F62: 50.79 | G62: 78.45 | H62: 102.1 | I62: 127.65 | J62: =INDEX(LINEST($D$1:$I$1,$D62:$I62,,TRUE()),1) -> 0.38877692 | K62: =INDEX(LINEST($D$1:$I$1,$D62:$I62,,TRUE()),2) -> 0.0033619091 | L62: =INDEX(LINEST($D$1:$I$1,$D62:$I62,,TRUE()),3) -> 0.99970098
A63: 50115 output (mV) | B63: 25 | C63: 981.9 | D63: -0.17 | E63: 23.88 | F63: 47.94 | G63: 72.02 | H63: 96.02 | I63: 119.92 | J63: =INDEX(LINEST($D$1:$I$1,$D63:$I63,,TRUE()),1) -> 0.41619532 | K63: =INDEX(LINEST($D$1:$I$1,$D63:$I63,,TRUE()),2) -> 0.00026071049 | L63: =INDEX(LINEST($D$1:$I$1,$D63:$I63,,TRUE()),3) -> 0.99999843 | M63: NUK_L | N63: NUK_L | O63: NUK_L | T63: Thrown out
A64: 50116 output (mV) | B64: 25 | C64: 981.9 | D64: -0.66 | E64: 24.12 | F64: 48.87 | G64: 73.64 | H64: 98.36 | I64: 122.96 | J64: =INDEX(LINEST($D$1:$I$1,$D64:$I64,,TRUE()),1) -> 0.4043479 | K64: =INDEX(LINEST($D$1:$I$1,$D64:$I64,,TRUE()),2) -> 0.00024232589 | L64: =INDEX(LINEST($D$1:$I$1,$D64:$I64,,TRUE()),3) -> 0.99999856
A65: 5001 output (mV) | B65: 24.5 | C65: 1017.4 | D65: 0.35 | E65: 23.08 | F65: 45.79 | G65: 68.46 | H65: 91.08 | I65: 113.66 | J65: =INDEX(LINEST($D$1:$I$1,$D65:$I65,,TRUE()),1) -> 0.44123878 | K65: =INDEX(LINEST($D$1:$I$1,$D65:$I65,,TRUE()),2) -> 0.00028303884 | L65: =INDEX(LINEST($D$1:$I$1,$D65:$I65,,TRUE()),3) -> 0.99999835
A66: 5003 output (mV) | B66: 29 | C66: 1012 | D66: 0.77 | E66: 23.78 | F66: 46.75 | G66: 69.68 | H66: 92.54 | I66: 115.36 | J66: =INDEX(LINEST($D$1:$I$1,$D66:$I66,,TRUE()),1) -> 0.43632083 | K66: =INDEX(LINEST($D$1:$I$1,$D66:$I66,,TRUE()),2) -> 0.00034591422 | L66: =INDEX(LINEST($D$1:$I$1,$D66:$I66,,TRUE()),3) -> 0.99999749
A67: 5039 output (mV) | B67: 24.3 | C67: 1022.5 | D67: 0.06 | E67: 25.35 | F67: 50.65 | G67: 75.96 | H67: 101.21 | I67: 126.38 | J67: =INDEX(LINEST($D$1:$I$1,$D67:$I67,,TRUE()),1) -> 0.3957079 | K67: =INDEX(LINEST($D$1:$I$1,$D67:$I67,,TRUE()),2) -> 0.0001881857 | L67: =INDEX(LINEST($D$1:$I$1,$D67:$I67,,TRUE()),3) -> 0.9999991
A68: 5040 output (mV) | B68: 24.3 | C68: 1022.5 | D68: -0.14 | E68: 35.86 | F68: 71.61 | G68: 107.18 | H68: 142.48 | I68: 177.37 | J68: =INDEX(LINEST($D$1:$I$1,$D68:$I68,,TRUE()),1) -> 0.28157305 | K68: =INDEX(LINEST($D$1:$I$1,$D68:$I68,,TRUE()),2) -> 0.00076466759 | L68: =INDEX(LINEST($D$1:$I$1,$D68:$I68,,TRUE()),3) -> 0.9999705
A69: 5041 output (mV) | B69: 21.7 | C69: 1016.4 | D69: -0.47 | E69: 24.06 | F69: 48.63 | G69: 73.27 | H69: 97.92 | I69: 122.5 | J69: =INDEX(LINEST($D$1:$I$1,$D69:$I69,,TRUE()),1) -> 0.40647074 | K69: =INDEX(LINEST($D$1:$I$1,$D69:$I69,,TRUE()),2) -> 0.00016849055 | L69: =INDEX(LINEST($D$1:$I$1,$D69:$I69,,TRUE()),3) -> 0.99999931
A70: 5042 output (mV) | B70: 24.3 | C70: 1021.8 | D70: -0.12 | E70: 26.42 | F70: 52.91 | G70: 79.44 | H70: 105.87 | I70: 132.14 | J70: =INDEX(LINEST($D$1:$I$1,$D70:$I70,,TRUE()),1) -> 0.37789518 | K70: =INDEX(LINEST($D$1:$I$1,$D70:$I70,,TRUE()),2) -> 0.00032613124 | L70: =INDEX(LINEST($D$1:$I$1,$D70:$I70,,TRUE()),3) -> 0.99999702
A71: 5043 output (mV) | B71: 24.3 | C71: 1021.9 | D71: -0.14 | E71: 24.5 | F71: 49.15 | G71: 73.78 | H71: 98.4 | I71: 122.97 | J71: =INDEX(LINEST($D$1:$I$1,$D71:$I71,,TRUE()),1) -> 0.4060889 | K71: =INDEX(LINEST($D$1:$I$1,$D71:$I71,,TRUE()),2) -> 0.0001092185 | L71: =INDEX(LINEST($D$1:$I$1,$D71:$I71,,TRUE()),3) -> 0.99999971
A72: 5044 output (mV) | B72: 24.9 | C72: 984 | D72: -0.84 | E72: 34.91 | F72: 70.56 | G72: 106.1 | H72: 141.28 | I72: 176.12 | J72: =INDEX(LINEST($D$1:$I$1,$D72:$I72,,TRUE()),1) -> 0.2823767 | K72: =INDEX(LINEST($D$1:$I$1,$D72:$I72,,TRUE()),2) -> 0.00068354219 | L72: =INDEX(LINEST($D$1:$I$1,$D72:$I72,,TRUE()),3) -> 0.99997656 | T72: Thrown out
A73: 5054 output (mV) | B73: 25.9 | C73: 1003.3 | D73: -1.4 | E73: 34.71 | F73: 70.68 | G73: 106.46 | H73: 141.95 | I73: 176.98 | J73: =INDEX(LINEST($D$1:$I$1,$D73:$I73,,TRUE()),1) -> 0.28012619 | K73: =INDEX(LINEST($D$1:$I$1,$D73:$I73,,TRUE()),2) -> 0.00076108822 | L73: =INDEX(LINEST($D$1:$I$1,$D73:$I73,,TRUE()),3) -> 0.99997047 | O73: FRE | P73: FRE | Q73: FRE | R73: FRE
A74: 5055 output (mV) | B74: 25.9 | C74: 1003.3 | D74: -0.27 | E74: 35.76 | F74: 71.65 | G74: 107.3 | H74: 142.62 | I74: 177.54 | J74: =INDEX(LINEST($D$1:$I$1,$D74:$I74,,TRUE()),1) -> 0.28105185 | K74: =INDEX(LINEST($D$1:$I$1,$D74:$I74,,TRUE()),2) -> 0.00081415386 | L74: =INDEX(LINEST($D$1:$I$1,$D74:$I74,,TRUE()),3) -> 0.99996644
A75: 5063 output (mV) | B75: 27.3 | C75: 1004.3 | D75: 0.12 | E75: 36.13 | F75: 71.98 | G75: 107.62 | H75: 143.05 | I75: 177.86 | J75: =INDEX(LINEST($D$1:$I$1,$D75:$I75,,TRUE()),1) -> 0.28109256 | K75: =INDEX(LINEST($D$1:$I$1,$D75:$I75,,TRUE()),2) -> 0.00081078613 | L75: =INDEX(LINEST($D$1:$I$1,$D75:$I75,,TRUE()),3) -> 0.99996672
A76: 5064 output (mV) | B76: 27.3 | C76: 1004.3 | D76: -0.48 | E76: 35.01 | F76: 70.35 | G76: 105.52 | H76: 140.33 | I76: 174.82 | J76: =INDEX(LINEST($D$1:$I$1,$D76:$I76,,TRUE()),1) -> 0.28509404 | K76: =INDEX(LINEST($D$1:$I$1,$D76:$I76,,TRUE()),2) -> 0.00076215496 | L76: =INDEX(LINEST($D$1:$I$1,$D76:$I76,,TRUE()),3) -> 0.99997141
A77: 50117 output (mV) | B77: 26 | C77: 1023.1 | D77: 1.34 | E77: 26.23 | F77: 51.09 | G77: 75.95 | H77: 100.77 | I77: 125.44 | J77: =INDEX(LINEST($D$1:$I$1,$D77:$I77,,TRUE()),1) -> 0.40277023 | K77: =INDEX(LINEST($D$1:$I$1,$D77:$I77,,TRUE()),2) -> 0.0002907132 | L77: =INDEX(LINEST($D$1:$I$1,$D77:$I77,,TRUE()),3) -> 0.99999792 | M77: KAN_L | O77: QAS_Uv3
A78: 50118 output (mV) | B78: 26 | C78: 1022.6 | D78: 1.2 | E78: 25.9 | F78: 50.59 | G78: 75.28 | H78: 99.87 | I78: 124.37 | J78: =INDEX(LINEST($D$1:$I$1,$D78:$I78,,TRUE()),1) -> 0.40581962 | K78: =INDEX(LINEST($D$1:$I$1,$D78:$I78,,TRUE()),2) -> 0.0003189063 | L78: =INDEX(LINEST($D$1:$I$1,$D78:$I78,,TRUE()),3) -> 0.99999753
A79: 50119 output (mV) | B79: 26 | C79: 1023.1 | D79: 1.47 | E79: 26.83 | F79: 52.39 | G79: 77.82 | H79: 100.22 | I79: 128.46 | J79: =INDEX(LINEST($D$1:$I$1,$D79:$I79,,TRUE()),1) -> 0.39726408 | K79: =INDEX(LINEST($D$1:$I$1,$D79:$I79,,TRUE()),2) -> 0.004618428 | L79: =INDEX(LINEST($D$1:$I$1,$D79:$I79,,TRUE()),3) -> 0.99945968 | M79: KAN_M
A80: 50120 output (mV) | B80: 26 | C80: 1023.1 | D80: 1.27 | E80: 25.78 | F80: 50.31 | G80: 74.83 | H80: 99.31 | I80: 123.69 | J80: =INDEX(LINEST($D$1:$I$1,$D80:$I80,,TRUE()),1) -> 0.40830091 | K80: =INDEX(LINEST($D$1:$I$1,$D80:$I80,,TRUE()),2) -> 0.00021164273 | L80: =INDEX(LINEST($D$1:$I$1,$D80:$I80,,TRUE()),3) -> 0.99999893 | O80: ZAC_Lv3
A81: 50121 output (mV) | B81: 26 | C81: 1023.6 | D81: 0.86 | E81: 25.46 | F81: 50.09 | G81: 74.7 | H81: 99.26 | I81: 123.69 | J81: =INDEX(LINEST($D$1:$I$1,$D81:$I81,,TRUE()),1) -> 0.40690029 | K81: =INDEX(LINEST($D$1:$I$1,$D81:$I81,,TRUE()),2) -> 0.00027742519 | L81: =INDEX(LINEST($D$1:$I$1,$D81:$I81,,TRUE()),3) -> 0.99999814 | M81: QAS_M
A82: 50122 output (mV) | B82: 26 | C82: 1023.3 | D82: 0.32 | E82: 24.7 | F82: 49.05 | G82: 73.37 | H82: 97.66 | I82: 121.84 | J82: =INDEX(LINEST($D$1:$I$1,$D82:$I82,,TRUE()),1) -> 0.41137675 | K82: =INDEX(LINEST($D$1:$I$1,$D82:$I82,,TRUE()),2) -> 0.00028207494 | L82: =INDEX(LINEST($D$1:$I$1,$D82:$I82,,TRUE()),3) -> 0.99999812 | M82: NUK_U | N82: NUK_U | O82: NUK_U
A83: 50163 output (mV) | B83: 25 | C83: 1008.4 | D83: 1.19 | E83: 26.06 | F83: 50.97 | G83: 75.86 | H83: 100.7 | I83: 125.45 | J83: =INDEX(LINEST($D$1:$I$1,$D83:$I83,,TRUE()),1) -> 0.40224753 | K83: =INDEX(LINEST($D$1:$I$1,$D83:$I83,,TRUE()),2) -> 0.00021432415 | L83: =INDEX(LINEST($D$1:$I$1,$D83:$I83,,TRUE()),3) -> 0.99999886 | M83: NUK_K | N83: NUK_K
A84: 50164 output (mV) | B84: 25 | C84: 1008.4 | D84: 0.97 | E84: 25.71 | F84: 50.49 | G84: 75.29 | H84: 100.06 | I84: 124.71 | J84: =INDEX(LINEST($D$1:$I$1,$D84:$I84,,TRUE()),1) -> 0.40390022 | K84: =INDEX(LINEST($D$1:$I$1,$D84:$I84,,TRUE()),2) -> 0.00017491747 | L84: =INDEX(LINEST($D$1:$I$1,$D84:$I84,,TRUE()),3) -> 0.99999925 | M84: TAS_L | O84: KPC_Uv3
A85: 50165 output (mV) | B85: 25 | C85: 1008.4 | D85: 1.16 | E85: 25.52 | F85: 49.91 | G85: 74.3 | H85: 98.64 | I85: 122.84 | J85: =INDEX(LINEST($D$1:$I$1,$D85:$I85,,TRUE()),1) -> 0.41072511 | K85: =INDEX(LINEST($D$1:$I$1,$D85:$I85,,TRUE()),2) -> 0.00026741948 | L85: =INDEX(LINEST($D$1:$I$1,$D85:$I85,,TRUE()),3) -> 0.9999983 | M85: NUK_U AWS ver. 3 | N85: NUK_U AWS ver. 3 | O85: NUK_Uv3
A86: 50166 output (mV) | B86: 25 | C86: 1008.4 | D86: 1.09 | E86: 25.54 | F86: 49.99 | G86: 74.75 | H86: 98.91 | I86: 123.23 | J86: =INDEX(LINEST($D$1:$I$1,$D86:$I86,,TRUE()),1) -> 0.40908009 | K86: =INDEX(LINEST($D$1:$I$1,$D86:$I86,,TRUE()),2) -> 0.00063273929 | L86: =INDEX(LINEST($D$1:$I$1,$D86:$I86,,TRUE()),3) -> 0.99999043 | M86: SCO_U | N86: SCO_U
A87: 50167 output (mV) | B87: 25 | C87: 1008.4 | D87: 0.43 | E87: 25.06 | F87: 49.7 | G87: 74.37 | H87: 98.98 | I87: 123.5 | J87: =INDEX(LINEST($D$1:$I$1,$D87:$I87,,TRUE()),1) -> 0.4061358 | K87: =INDEX(LINEST($D$1:$I$1,$D87:$I87,,TRUE()),2) -> 0.00018538167 | L87: =INDEX(LINEST($D$1:$I$1,$D87:$I87,,TRUE()),3) -> 0.99999917 | M87: SCO_L | N87: SCO_L | O87: ZAC_Uv3
A88: 50180 output (mV) | B88: 25.2 | C88: 1026.5 | D88: 0.56 | E88: 25.15 | F88: 49.73 | G88: 74.23 | H88: 98.73 | I88: 123.4 | J88: =INDEX(LINEST($D$1:$I$1,$D88:$I88,,TRUE()),1) -> 0.40724156 | K88: =INDEX(LINEST($D$1:$I$1,$D88:$I88,,TRUE()),2) -> 0.0001918537 | L88: =INDEX(LINEST($D$1:$I$1,$D88:$I88,,TRUE()),3) -> 0.99999911 | M88: QAS_U | N88: QAS_U
A89: 50181 output (mV) | B89: 25.2 | C89: 1027 | D89: 0.63 | E89: 24.59 | F89: 48.48 | G89: 72.41 | H89: 96.4 | I89: 120.41 | J89: =INDEX(LINEST($D$1:$I$1,$D89:$I89,,TRUE()),1) -> 0.41753125 | K89: =INDEX(LINEST($D$1:$I$1,$D89:$I89,,TRUE()),2) -> 0.00017780819 | L89: =INDEX(LINEST($D$1:$I$1,$D89:$I89,,TRUE()),3) -> 0.99999927 | M89: UPE_L | N89: UPE_L | O89: UPE_L
A90: 50182 output (mV) | B90: 25.2 | C90: 1027.2 | D90: 0.2 | E90: 24.64 | F90: 49.04 | G90: 73.46 | H90: 97.85 | I90: 122.25 | J90: =INDEX(LINEST($D$1:$I$1,$D90:$I90,,TRUE()),1) -> 0.40969211 | K90: =INDEX(LINEST($D$1:$I$1,$D90:$I90,,TRUE()),2) -> 6.0660667e-05 | L90: =INDEX(LINEST($D$1:$I$1,$D90:$I90,,TRUE()),3) -> 0.99999991 | M90: UPE_U | N90: UPE_U | O90: UPE_U
A91: 50183 output (mV) | B91: 25.2 | C91: 1027.2 | D91: 0.03 | E91: 24.11 | F91: 48.31 | G91: 72.43 | H91: 96.49 | I91: 120.7 | J91: =INDEX(LINEST($D$1:$I$1,$D91:$I91,,TRUE()),1) -> 0.41439218 | K91: =INDEX(LINEST($D$1:$I$1,$D91:$I91,,TRUE()),2) -> 0.00016353562 | L91: =INDEX(LINEST($D$1:$I$1,$D91:$I91,,TRUE()),3) -> 0.99999938
A92: 50184 output (mV) | B92: 25.2 | C92: 1027.5 | D92: 0.17 | E92: 24.68 | F92: 49.23 | G92: 73.72 | H92: 98.3 | I92: 122.91 | J92: =INDEX(LINEST($D$1:$I$1,$D92:$I92,,TRUE()),1) -> 0.40742656 | K92: =INDEX(LINEST($D$1:$I$1,$D92:$I92,,TRUE()),2) -> 0.00015824992 | L92: =INDEX(LINEST($D$1:$I$1,$D92:$I92,,TRUE()),3) -> 0.9999994 | M92: JAR | N92: JAR | O92: JAR
A93: 50185 output (mV) | B93: 25.2 | C93: 1014.2 | D93: 1.52 | E93: 24.88 | F93: 48.35 | G93: 71.44 | H93: 94.83 | I93: 118.35 | J93: =INDEX(LINEST($D$1:$I$1,$D93:$I93,,TRUE()),1) -> 0.42834723 | K93: =INDEX(LINEST($D$1:$I$1,$D93:$I93,,TRUE()),2) -> 0.00048064094 | L93: =INDEX(LINEST($D$1:$I$1,$D93:$I93,,TRUE()),3) -> 0.99999496 | M93: ? | N93: QAS_L? | O93: THU_L2
A94: 50186 output (mV) | B94: 25.2 | C94: 1014.2 | D94: 0.81 | E94: 25.7 | F94: 50.78 | G94: 75.55 | H94: 100.35 | I94: 125.25 | J94: =INDEX(LINEST($D$1:$I$1,$D94:$I94,,TRUE()),1) -> 0.4018727 | K94: =INDEX(LINEST($D$1:$I$1,$D94:$I94,,TRUE()),2) -> 0.00034491535 | L94: =INDEX(LINEST($D$1:$I$1,$D94:$I94,,TRUE()),3) -> 0.99999705 | M94: GEUS | N94: GEUS
A95: 50187 output (mV) | B95: 25.2 | C95: 1014.2 | D95: 0.38 | E95: 24.8 | F95: 49.22 | G95: 73.63 | H95: 98.05 | I95: 122.47 | J95: =INDEX(LINEST($D$1:$I$1,$D95:$I95,,TRUE()),1) -> 0.40954353 | K95: =INDEX(LINEST($D$1:$I$1,$D95:$I95,,TRUE()),2) -> 1.1738368e-05 | L95: =INDEX(LINEST($D$1:$I$1,$D95:$I95,,TRUE()),3) -> 1 | M95: GEUS | N95: GEUS
A96: 50188 output (mV) | B96: 25.2 | C96: 1013.6 | D96: 0.56 | E96: 25.63 | F96: 50.8 | G96: 75.81 | H96: 100.86 | I96: 125.98 | J96: =INDEX(LINEST($D$1:$I$1,$D96:$I96,,TRUE()),1) -> 0.39872385 | K96: =INDEX(LINEST($D$1:$I$1,$D96:$I96,,TRUE()),2) -> 0.00015122091 | L96: =INDEX(LINEST($D$1:$I$1,$D96:$I96,,TRUE()),3) -> 0.99999942 | M96: ? | N96: THU_L
A97: 50189 output (mV) | B97: 25.2 | C97: 1013.6 | D97: 1.21 | E97: 25.14 | F97: 49.28 | G97: 73.14 | H97: 97.13 | I97: 121.52 | J97: =INDEX(LINEST($D$1:$I$1,$D97:$I97,,TRUE()),1) -> 0.41597974 | K97: =INDEX(LINEST($D$1:$I$1,$D97:$I97,,TRUE()),2) -> 0.00060556309 | L97: =INDEX(LINEST($D$1:$I$1,$D97:$I97,,TRUE()),3) -> 0.99999152 | O97: GEUS | P97: UPE_L
A98: 50190 output (mV) | B98: 25.2 | C98: 1013.6 | D98: 0.4 | E98: 25.09 | F98: 49.79 | G98: 74.48 | H98: 99.18 | I98: 123.87 | J98: =INDEX(LINEST($D$1:$I$1,$D98:$I98,,TRUE()),1) -> 0.4049473 | K98: =INDEX(LINEST($D$1:$I$1,$D98:$I98,,TRUE()),2) -> 1.1476371e-05 | L98: =INDEX(LINEST($D$1:$I$1,$D98:$I98,,TRUE()),3) -> 1 | N98: GEUS
A99: 50191 output (mV) | B99: 25.2 | C99: 1013.6 | D99: 0.03 | E99: 23.73 | F99: 47.44 | G99: 71.14 | H99: 94.9 | I99: 118.55 | J99: =INDEX(LINEST($D$1:$I$1,$D99:$I99,,TRUE()),1) -> 0.42178321 | K99: =INDEX(LINEST($D$1:$I$1,$D99:$I99,,TRUE()),2) -> 9.7683199e-05 | L99: =INDEX(LINEST($D$1:$I$1,$D99:$I99,,TRUE()),3) -> 0.99999979 | M99: ?
A100: 50192 output (mV) | B100: 25.2 | C100: 1013.6 | D100: 1.33 | E100: 25.23 | F100: 49.34 | G100: 73.27 | H100: 97.12 | I100: 121.18 | J100: =INDEX(LINEST($D$1:$I$1,$D100:$I100,,TRUE()),1) -> 0.41723714 | K100: =INDEX(LINEST($D$1:$I$1,$D100:$I100,,TRUE()),2) -> 0.00027960323 | L100: =INDEX(LINEST($D$1:$I$1,$D100:$I100,,TRUE()),3) -> 0.9999982 | M100: ? | O100: SCO_L
...
